-- phpMyAdmin SQL Dump
-- version 4.8.5
-- https://www.phpmyadmin.net/
--
-- Host: 127.0.0.1
-- Generation Time: Dec 15, 2021 at 03:39 PM
-- Server version: 10.1.38-MariaDB
-- PHP Version: 5.6.40

SET SQL_MODE = "NO_AUTO_VALUE_ON_ZERO";
SET AUTOCOMMIT = 0;
START TRANSACTION;
SET time_zone = "+00:00";


/*!40101 SET @OLD_CHARACTER_SET_CLIENT=@@CHARACTER_SET_CLIENT */;
/*!40101 SET @OLD_CHARACTER_SET_RESULTS=@@CHARACTER_SET_RESULTS */;
/*!40101 SET @OLD_COLLATION_CONNECTION=@@COLLATION_CONNECTION */;
/*!40101 SET NAMES utf8mb4 */;

--
-- Database: `pustaka`
--

-- --------------------------------------------------------

--
-- Table structure for table `booking`
--

CREATE TABLE `booking` (
  `id_booking` varchar(12) NOT NULL,
  `tgl_booking` date NOT NULL,
  `batas_ambil` date NOT NULL,
  `id_user` int(11) NOT NULL
) ENGINE=InnoDB DEFAULT CHARSET=latin1;

-- --------------------------------------------------------

--
-- Table structure for table `booking_detail`
--

CREATE TABLE `booking_detail` (
  `id` int(11) NOT NULL,
  `id_booking` varchar(12) NOT NULL,
  `id_buku` int(11) NOT NULL
) ENGINE=InnoDB DEFAULT CHARSET=latin1;

-- --------------------------------------------------------

--
-- Table structure for table `buku`
--

CREATE TABLE `buku` (
  `id` int(11) NOT NULL,
  `judul_buku` varchar(128) NOT NULL,
  `id_kategori` int(11) NOT NULL,
  `pengarang` varchar(64) NOT NULL,
  `penerbit` varchar(64) NOT NULL,
  `tahun_terbit` year(4) NOT NULL,
  `isbn` varchar(64) NOT NULL,
  `stok` int(11) NOT NULL,
  `dipinjam` int(11) NOT NULL,
  `dibooking` int(11) NOT NULL,
  `image` varchar(256) DEFAULT 'book-default-cover.jpg'
) ENGINE=InnoDB DEFAULT CHARSET=latin1;

--
-- Dumping data for table `buku`
--

INSERT INTO `buku` (`id`, `judul_buku`, `id_kategori`, `pengarang`, `penerbit`, `tahun_terbit`, `isbn`, `stok`, `dipinjam`, `dibooking`, `image`) VALUES
(29, 'Data Visualization Made Simple: Insights into Becoming Visual', 1, 'Kristen Sosulski', 'Routledge', 2020, '9781138503915', 1014, 0, -2, 'img1638648881.png'),
(30, 'The Soul of A New Machine', 1, 'Tracy Kidder', 'Back Bay Books', 2000, '9780316491976', 1001, -1, 0, 'img1638649051.png'),
(31, 'Teknologi Virtualisasi, Fondasi Utama Layanan Berbasis Cloud', 1, 'Onno W Purbo', 'Andi Pabliser', 2021, '9786230118685', 1000, 0, 0, 'img1638649226.jpg'),
(32, 'Bongkar Rahasia OpenBTS Untuk Jaringan Operator Seluler', 1, 'Onno W Purbo', 'Andi Pabliser', 2021, '9789792934908', 1000, 0, 0, 'img1638649555.png');

-- --------------------------------------------------------

--
-- Table structure for table `detail_pinjam`
--

CREATE TABLE `detail_pinjam` (
  `no_pinjam` varchar(12) CHARACTER SET utf8mb4 NOT NULL,
  `id_buku` int(11) NOT NULL,
  `denda` int(11) NOT NULL
) ENGINE=InnoDB DEFAULT CHARSET=latin1;

--
-- Dumping data for table `detail_pinjam`
--

INSERT INTO `detail_pinjam` (`no_pinjam`, `id_buku`, `denda`) VALUES
('06122021002', 29, 5000),
('06122021003', 30, 5000),
('08122021004', 30, 5000);

-- --------------------------------------------------------

--
-- Table structure for table `kategori`
--

CREATE TABLE `kategori` (
  `id` int(11) NOT NULL,
  `kategori` varchar(45) NOT NULL
) ENGINE=InnoDB DEFAULT CHARSET=latin1;

--
-- Dumping data for table `kategori`
--

INSERT INTO `kategori` (`id`, `kategori`) VALUES
(1, 'Komputer'),
(2, 'Bahasa'),
(3, 'Sains'),
(4, 'Hobby'),
(5, 'Komunikasi'),
(6, 'Hukum'),
(7, 'Agama'),
(8, 'Populer'),
(10, 'Komik');

-- --------------------------------------------------------

--
-- Table structure for table `menu`
--

CREATE TABLE `menu` (
  `id` int(11) NOT NULL,
  `menu` varchar(128) NOT NULL
) ENGINE=InnoDB DEFAULT CHARSET=latin1;

--
-- Dumping data for table `menu`
--

INSERT INTO `menu` (`id`, `menu`) VALUES
(1, 'Admin'),
(2, 'User'),
(3, 'Menu'),
(4, 'Utility'),
(5, 'Buku'),
(6, 'Anggota'),
(7, 'Laporan');

-- --------------------------------------------------------

--
-- Table structure for table `pinjam`
--

CREATE TABLE `pinjam` (
  `no_pinjam` varchar(12) CHARACTER SET utf8mb4 NOT NULL,
  `tgl_pinjam` date NOT NULL,
  `id_booking` varchar(12) CHARACTER SET utf8mb4 NOT NULL,
  `id_user` int(11) NOT NULL,
  `tgl_kembali` date NOT NULL,
  `tgl_pengembalian` date NOT NULL,
  `status` enum('Pinjam','Kembali') CHARACTER SET utf8mb4 DEFAULT NULL,
  `total_denda` int(11) NOT NULL
) ENGINE=InnoDB DEFAULT CHARSET=latin1;

--
-- Dumping data for table `pinjam`
--

INSERT INTO `pinjam` (`no_pinjam`, `tgl_pinjam`, `id_booking`, `id_user`, `tgl_kembali`, `tgl_pengembalian`, `status`, `total_denda`) VALUES
('04122021001', '2021-12-04', '05122021001', 2, '2021-12-07', '2021-12-04', 'Kembali', 0),
('06122021002', '2021-12-06', '06122021001', 3, '2021-12-09', '2021-12-06', 'Kembali', 0),
('06122021003', '2021-12-06', '06122021001', 3, '2021-12-09', '2021-12-06', 'Kembali', 0),
('08122021004', '2021-12-08', '08122021001', 3, '2021-12-11', '2021-12-08', 'Kembali', 0);

-- --------------------------------------------------------

--
-- Table structure for table `role`
--

CREATE TABLE `role` (
  `id` int(11) NOT NULL,
  `role` varchar(128) NOT NULL
) ENGINE=InnoDB DEFAULT CHARSET=latin1;

--
-- Dumping data for table `role`
--

INSERT INTO `role` (`id`, `role`) VALUES
(1, 'admministrator'),
(2, 'member');

-- --------------------------------------------------------

--
-- Table structure for table `temp`
--

CREATE TABLE `temp` (
  `id` int(11) NOT NULL,
  `tgl_booking` datetime NOT NULL,
  `id_user` varchar(12) NOT NULL,
  `email_user` varchar(128) NOT NULL,
  `id_buku` int(11) NOT NULL,
  `judul_buku` varchar(255) NOT NULL,
  `image` varchar(255) NOT NULL,
  `penulis` varchar(128) NOT NULL,
  `penerbit` varchar(128) NOT NULL,
  `tahun_terbit` year(4) NOT NULL
) ENGINE=InnoDB DEFAULT CHARSET=latin1;

-- --------------------------------------------------------

--
-- Table structure for table `user`
--

CREATE TABLE `user` (
  `id` int(11) NOT NULL,
  `nama` varchar(128) NOT NULL,
  `email` varchar(128) NOT NULL,
  `image` varchar(128) NOT NULL,
  `password` varchar(256) NOT NULL,
  `role_id` int(11) NOT NULL,
  `is_active` int(1) NOT NULL,
  `tanggal_input` int(11) NOT NULL
) ENGINE=InnoDB DEFAULT CHARSET=latin1;

--
-- Dumping data for table `user`
--

INSERT INTO `user` (`id`, `nama`, `email`, `image`, `password`, `role_id`, `is_active`, `tanggal_input`) VALUES
(1, 'Admin Kelompok 7', 'admin@k7.id', 'default.jpg', '$2y$10$6jswfSGe3ZW1KaieRVUDBOH98QtAe9DTsq9LzTlHzOCf39GLAx2/6', 1, 1, 1638104474),
(2, 'User Kelompok 7', 'user@k7.id', 'default.jpg', '$2y$10$jGSRKTDjKwAwztJ.hG6rqOYHJY9yP.vGF9ewQ3BfQ1STlT5WBSdeC', 2, 1, 1638105222),
(3, 'Fadlillah', 'fadlilllah@k7.id', 'default.jpg', '$2y$10$kK7KaUGt6ZfEhVtezl.kkOoebU8pg3W18Kez6n7g/PonKoc0PKsBO', 2, 1, 1638758979),
(4, 'Yunaidi', 'yunaidi@k7.id', 'default.jpg', '$2y$10$3jv92h62Cd4JmFe6Ch4IUuTb5H53bGYoMw1VADJDaDi5gWGv0yuQi', 2, 1, 1638759019),
(5, 'Zulhanif', 'zulhanif@k7.id', 'default.jpg', '$2y$10$YHeRR96Mur7Vd94ebMVQ5OBuu7SjcWcD/gIX.jxgCf1qs.PRJeqI.', 2, 1, 1638759069);

--
-- Indexes for dumped tables
--

--
-- Indexes for table `booking`
--
ALTER TABLE `booking`
  ADD PRIMARY KEY (`id_booking`);

--
-- Indexes for table `booking_detail`
--
ALTER TABLE `booking_detail`
  ADD PRIMARY KEY (`id`);

--
-- Indexes for table `buku`
--
ALTER TABLE `buku`
  ADD PRIMARY KEY (`id`);

--
-- Indexes for table `kategori`
--
ALTER TABLE `kategori`
  ADD PRIMARY KEY (`id`);

--
-- Indexes for table `menu`
--
ALTER TABLE `menu`
  ADD PRIMARY KEY (`id`);

--
-- Indexes for table `pinjam`
--
ALTER TABLE `pinjam`
  ADD PRIMARY KEY (`no_pinjam`);

--
-- Indexes for table `role`
--
ALTER TABLE `role`
  ADD PRIMARY KEY (`id`);

--
-- Indexes for table `temp`
--
ALTER TABLE `temp`
  ADD PRIMARY KEY (`id`);

--
-- Indexes for table `user`
--
ALTER TABLE `user`
  ADD PRIMARY KEY (`id`);

--
-- AUTO_INCREMENT for dumped tables
--

--
-- AUTO_INCREMENT for table `booking_detail`
--
ALTER TABLE `booking_detail`
  MODIFY `id` int(11) NOT NULL AUTO_INCREMENT;

--
-- AUTO_INCREMENT for table `buku`
--
ALTER TABLE `buku`
  MODIFY `id` int(11) NOT NULL AUTO_INCREMENT, AUTO_INCREMENT=33;

--
-- AUTO_INCREMENT for table `kategori`
--
ALTER TABLE `kategori`
  MODIFY `id` int(11) NOT NULL AUTO_INCREMENT, AUTO_INCREMENT=11;

--
-- AUTO_INCREMENT for table `menu`
--
ALTER TABLE `menu`
  MODIFY `id` int(11) NOT NULL AUTO_INCREMENT, AUTO_INCREMENT=8;

--
-- AUTO_INCREMENT for table `role`
--
ALTER TABLE `role`
  MODIFY `id` int(11) NOT NULL AUTO_INCREMENT, AUTO_INCREMENT=3;

--
-- AUTO_INCREMENT for table `temp`
--
ALTER TABLE `temp`
  MODIFY `id` int(11) NOT NULL AUTO_INCREMENT;

--
-- AUTO_INCREMENT for table `user`
--
ALTER TABLE `user`
  MODIFY `id` int(11) NOT NULL AUTO_INCREMENT, AUTO_INCREMENT=6;
COMMIT;

/*!40101 SET CHARACTER_SET_CLIENT=@OLD_CHARACTER_SET_CLIENT */;
/*!40101 SET CHARACTER_SET_RESULTS=@OLD_CHARACTER_SET_RESULTS */;
/*!40101 SET COLLATION_CONNECTION=@OLD_COLLATION_CONNECTION */;
